Trial_id,Probe,Target,word2vec,pcelex,tcelex,plog10,tlog10,trial_pres_id,probe_onset,probe_durat,fixa1_onset,fixa1_durat,target_onset,target_durat,target_offset,fixa2_onset,fixa2_durat,RT,KeyPress
75,newt,lightning,0.151529322,0.61,14.13,0.21,1.18,1,0.008508114999131067,1.5,1.5012879530004284,1.5,2.994117995000124,1.5,4.896830797999428,5.988047120999909,3,1.9027128029993037,1
191,pacifier,infant,0.497330387,0,20.78,0,1.34,2,8.993982750998839,1.5,10.488040436999654,1.5,11.98199443500016,1.5,14.98199443500016,14.98684332099947,3,None,None
